USER_ID,ITEM_ID,TIMESTAMP,EVENT_TYPE,SEARCH_KEYWORD
dishantvb@gmail.com,search_1,1680740622,search,nova scotia
dishantvb@gmail.com,search_2,1680740622,search,ontario
dishantvb@gmail.com,search_3,1680740622,search,dalhousie
dishantvb@gmail.com,search_4,1680740622,search,pei
dishantvb@gmail.com,search_5,1680740622,search,MIT
dishantvb@gmail.com,search_6,1680740622,search,stanford
dishantvb@gmail.com,search_7,1680740622,search,uiuc
dishantvb@gmail.com,search_8,1680740622,search,illinois
dishantvb@gmail.com,search_9,1680740622,search,toronto
dishantvb@gmail.com,search_10,1680740622,search,new brunswick
dishantvb@gmail.com,search_11,1680740622,search,british columbia
dishantvb@gmail.com,search_12,1680740622,search,carnegie mellon
dishantvb@gmail.com,search_13,1680740622,search,harvard
dishantvb@gmail.com,search_14,1680740622,search,saint mary's
dishantvb@gmail.com,search_15,1680740622,search,waterloo
dishantvb@gmail.com,search_16,1680740622,search,western
dishantvb@gmail.com,search_17,1680740622,search,washington
dishantvb@gmail.com,university_383,1680740622,shortlist,
dishantvb@gmail.com,university_384,1680740622,shortlist,
dishantvb@gmail.com,university_390,1680740622,shortlist,
dishantvb@gmail.com,university_391,1680740622,shortlist,
dishantvb@gmail.com,university_392,1680740622,shortlist,
dishantvb@gmail.com,university_2,1680740622,shortlist,
dishantvb@gmail.com,university_405,1680740622,shortlist,
dishantvb@gmail.com,university_395,1680740622,shortlist,
dishantvb@gmail.com,university_394,1680740622,shortlist,
dishantvb@gmail.com,university_351,1680740622,shortlist,
dishantvb@gmail.com,search_18,1680740622,search,stanford
dishantvb@gmail.com,search_19,1680740622,search,caltech
anshgwash@gmail.com,search_20,1680740622,search,MIT
anshgwash@gmail.com,search_21,1680740622,search,stanford
anshgwash@gmail.com,search_22,1680740622,search,uiuc
anshgwash@gmail.com,search_23,1680740622,search,illinois
anshgwash@gmail.com,search_24,1680740622,search,toronto
anshgwash@gmail.com,search_25,1680740622,search,stanford
anshgwash@gmail.com,search_26,1680740622,search,caltech
anshgwash@gmail.com,search_27,1680740622,search,harvard
anshgwash@gmail.com,search_28,1680740622,search,washington
anshgwash@gmail.com,search_29,1680740622,search,new york university
anshgwash@gmail.com,search_30,1680740622,search,houston
anshgwash@gmail.com,search_31,1680740622,search,austin
anshgwash@gmail.com,search_32,1680740622,search,vriginia tech
anshgwash@gmail.com,search_33,1680740622,search,texas
anshgwash@gmail.com,search_34,1680740622,search,texas a&m
anshgwash@gmail.com,search_35,1680740622,search,computer science
anshgwash@gmail.com,search_36,1680740622,search,engineering
anshgwash@gmail.com,search_37,1680740622,search,computer engineering
anshgwash@gmail.com,search_38,1680740622,search,ucla
anshgwash@gmail.com,search_39,1680740622,search,california
anshgwash@gmail.com,search_40,1680740622,search,university of michigan
anshgwash@gmail.com,search_41,1680740622,search,university of waterloo
anshgwash@gmail.com,university_79,1680740622,shortlist,
anshgwash@gmail.com,university_99,1680740622,shortlist,
anshgwash@gmail.com,university_139,1680740622,shortlist,
anshgwash@gmail.com,university_15,1680740622,shortlist,
anshgwash@gmail.com,university_18,1680740622,shortlist,
anshgwash@gmail.com,university_7,1680740622,shortlist,
anshgwash@gmail.com,university_3,1680740622,shortlist,
anshgwash@gmail.com,university_5,1680740622,shortlist,
anshgwash@gmail.com,university_112,1680740622,shortlist,
anshgwash@gmail.com,university_108,1680740622,shortlist,
anshgwash@gmail.com,search_42,1680740622,search,University of Virginia
anshgwash@gmail.com,search_43,1680740622,search,north carolina
anshgwash@gmail.com,search_44,1680740622,search,east coast
anshgwash@gmail.com,search_45,1680740622,search,University of Illinois Urbana-Champaign
khandekarg@gmail.com,search_46,1680740622,search,university of wisconsin
khandekarg@gmail.com,search_47,1680740622,search,engineering
khandekarg@gmail.com,search_48,1680740622,search,nyu
khandekarg@gmail.com,search_49,1680740622,search,mit
khandekarg@gmail.com,search_50,1680740622,search,stanford
khandekarg@gmail.com,search_51,1680740622,search,georgia tech
khandekarg@gmail.com,search_52,1680740622,search,vtech
khandekarg@gmail.com,search_53,1680740622,search,ucla
khandekarg@gmail.com,search_54,1680740622,search,"University of California, Berkeley"
khandekarg@gmail.com,search_55,1680740622,search,umich
khandekarg@gmail.com,search_56,1680740622,search,michigan
khandekarg@gmail.com,search_57,1680740622,search,michigan state university
khandekarg@gmail.com,search_58,1680740622,search,purdue university
khandekarg@gmail.com,search_59,1680740622,search,indiana university
khandekarg@gmail.com,search_60,1680740622,search,duke
khandekarg@gmail.com,search_61,1680740622,search,unc
khandekarg@gmail.com,search_62,1680740622,search,ut austin
khandekarg@gmail.com,search_63,1680740622,search,uiuc
khandekarg@gmail.com,search_64,1680740622,search,computer engineering
khandekarg@gmail.com,search_65,1680740622,search,mechanical engineering
khandekarg@gmail.com,university_79,1680740622,shortlist,
khandekarg@gmail.com,university_37,1680740622,shortlist,
khandekarg@gmail.com,university_38,1680740622,shortlist,
khandekarg@gmail.com,university_86,1680740622,shortlist,
khandekarg@gmail.com,university_139,1680740622,shortlist,
khandekarg@gmail.com,university_13,1680740622,shortlist,
khandekarg@gmail.com,university_99,1680740622,shortlist,
khandekarg@gmail.com,university_108,1680740622,shortlist,
khandekarg@gmail.com,university_206,1680740622,shortlist,
khandekarg@gmail.com,university_199,1680740622,shortlist,
khandekarg@gmail.com,search_66,1680740622,search,New Jersey
khandekarg@gmail.com,search_67,1680740622,search,new york university
khandekarg@gmail.com,search_68,1680740622,search,California Institute of Technology 
khandekarg@gmail.com,search_69,1680740622,search,Caltech
khandekarg@gmail.com,university_198,1680740622,shortlist,
johnmayer@gmail.com,search_70,1680740622,search,usc
johnmayer@gmail.com,search_71,1680740622,search,ucla
johnmayer@gmail.com,search_72,1680740622,search,harvard
johnmayer@gmail.com,search_73,1680740622,search,yale
johnmayer@gmail.com,search_74,1680740622,search,music
johnmayer@gmail.com,search_75,1680740622,search,arts
johnmayer@gmail.com,search_76,1680740622,search,guitar
johnmayer@gmail.com,search_77,1680740622,search,vocals
johnmayer@gmail.com,search_78,1680740622,search,keyboard
johnmayer@gmail.com,search_79,1680740622,search,band
johnmayer@gmail.com,search_80,1680740622,search,W&M
johnmayer@gmail.com,search_81,1680740622,search,montana
johnmayer@gmail.com,search_82,1680740622,search,university of toronto
johnmayer@gmail.com,search_83,1680740622,search,mcgill university
johnmayer@gmail.com,search_84,1680740622,search,ubc
johnmayer@gmail.com,search_85,1680740622,search,Connecticut College
johnmayer@gmail.com,search_86,1680740622,search,Wesleyan University
johnmayer@gmail.com,search_87,1680740622,search,Montana State University
johnmayer@gmail.com,search_88,1680740622,search,Harvard University 
johnmayer@gmail.com,search_89,1680740622,search,New York University
johnmayer@gmail.com,search_90,1680740622,search,Pennsylvania State University
johnmayer@gmail.com,search_91,1680740622,search,georgia tech
johnmayer@gmail.com,search_92,1680740622,search,University of georgia
johnmayer@gmail.com,university_190,1680740622,shortlist,
johnmayer@gmail.com,university_192,1680740622,shortlist,
johnmayer@gmail.com,university_194,1680740622,shortlist,
johnmayer@gmail.com,university_10,1680740622,shortlist,
johnmayer@gmail.com,university_38,1680740622,shortlist,
johnmayer@gmail.com,university_183,1680740622,shortlist,
johnmayer@gmail.com,university_405,1680740622,shortlist,
johnmayer@gmail.com,university_135,1680740622,shortlist,
johnmayer@gmail.com,university_194,1680740622,shortlist,
johnmayer@gmail.com,university_192,1680740622,shortlist,
yuvrajbehera@gmail.com,search_93,1680740622,search,computer science
yuvrajbehera@gmail.com,search_94,1680740622,search,waterloo
yuvrajbehera@gmail.com,search_95,1680740622,search,toronto
yuvrajbehera@gmail.com,search_96,1680740622,search,uoft
yuvrajbehera@gmail.com,search_97,1680740622,search,university of toronto
yuvrajbehera@gmail.com,search_98,1680740622,search,ubc
yuvrajbehera@gmail.com,search_99,1680740622,search,univeristy of british columbia
yuvrajbehera@gmail.com,search_100,1680740622,search,alberta
yuvrajbehera@gmail.com,search_101,1680740622,search,mcgill
yuvrajbehera@gmail.com,search_102,1680740622,search,simon fraser university
yuvrajbehera@gmail.com,search_103,1680740622,search,dahousie
yuvrajbehera@gmail.com,search_104,1680740622,search,montreal
yuvrajbehera@gmail.com,search_105,1680740622,search,ottawa
yuvrajbehera@gmail.com,search_106,1680740622,search,western university
yuvrajbehera@gmail.com,search_107,1680740622,search,queens
yuvrajbehera@gmail.com,university_394,1680740622,shortlist,
yuvrajbehera@gmail.com,university_391,1680740622,shortlist,
yuvrajbehera@gmail.com,university_383,1680740622,shortlist,
yuvrajbehera@gmail.com,university_357,1680740622,shortlist,
yuvrajbehera@gmail.com,university_359,1680740622,shortlist,
yuvrajbehera@gmail.com,university_351,1680740622,shortlist,
yuvrajbehera@gmail.com,university_399,1680740622,shortlist,
yuvrajbehera@gmail.com,university_407,1680740622,shortlist,
yuvrajbehera@gmail.com,university_37,1680740622,shortlist,
yuvrajbehera@gmail.com,university_404,1680740622,shortlist,
jeffbezos@yahoo.com,university_15,1680740622,shortlist,
jeffbezos@yahoo.com,university_64,1680740622,shortlist,
jeffbezos@yahoo.com,university_9,1680740622,shortlist,
jeffbezos@yahoo.com,university_65,1680740622,shortlist,
jeffbezos@yahoo.com,university_12,1680740622,shortlist,
jeffbezos@yahoo.com,university_162,1680740622,shortlist,
jeffbezos@yahoo.com,university_38,1680740622,shortlist,
jeffbezos@yahoo.com,university_274,1680740622,shortlist,
jeffbezos@yahoo.com,university_155,1680740622,shortlist,
jeffbezos@yahoo.com,university_1,1680740622,shortlist,
jeffbezos@yahoo.com,search_108,1680740622,search,harvard business school
jeffbezos@yahoo.com,search_109,1680740622,search,stanford business school
jeffbezos@yahoo.com,search_110,1680740622,search,business
jeffbezos@yahoo.com,search_111,1680740622,search,commerce
jeffbezos@yahoo.com,search_112,1680740622,search,finance
jeffbezos@yahoo.com,search_113,1680740622,search,fintech
jeffbezos@yahoo.com,search_114,1680740622,search,ut austin
jeffbezos@yahoo.com,search_115,1680740622,search,business new york
jeffbezos@yahoo.com,search_116,1680740622,search,west coast
jeffbezos@yahoo.com,search_117,1680740622,search,ucla
jeffbezos@yahoo.com,search_118,1680740622,search,ucb
jeffbezos@yahoo.com,search_119,1680740622,search,upenn
jeffbezos@yahoo.com,search_120,1680740622,search,georgia tech
jeffbezos@yahoo.com,search_121,1680740622,search,georgia
jeffbezos@yahoo.com,search_122,1680740622,search,duke
jeffbezos@yahoo.com,search_123,1680740622,search,florida
jeffbezos@yahoo.com,search_124,1680740622,search,miami
jeffbezos@yahoo.com,search_125,1680740622,search,california
jeffbezos@yahoo.com,search_126,1680740622,search,washington
jeffbezos@yahoo.com,search_127,1680740622,search,vegas
jeffbezos@yahoo.com,search_128,1680740622,search,nevada
jeffbezos@yahoo.com,search_129,1680740622,search,portland
jeffbezos@yahoo.com,search_130,1680740622,search,oregon
bgarje@gmail.com,university_58,1680740622,shortlist,
bgarje@gmail.com,university_66,1680740622,shortlist,
bgarje@gmail.com,university_62,1680740622,shortlist,
bgarje@gmail.com,university_139,1680740622,shortlist,
bgarje@gmail.com,university_88,1680740622,shortlist,
bgarje@gmail.com,university_120,1680740622,shortlist,
bgarje@gmail.com,university_138,1680740622,shortlist,
bgarje@gmail.com,university_273,1680740622,shortlist,
bgarje@gmail.com,university_118,1680740622,shortlist,
bgarje@gmail.com,university_110,1680740622,shortlist,
bgarje@gmail.com,search_131,1680740622,search,law
bgarje@gmail.com,search_132,1680740622,search,psychology
bgarje@gmail.com,search_133,1680740622,search,arts
bgarje@gmail.com,search_134,1680740622,search,criminal psychology
bgarje@gmail.com,search_135,1680740622,search,BA
bgarje@gmail.com,search_136,1680740622,search,bachelor of arts
bgarje@gmail.com,search_137,1680740622,search,llb
bgarje@gmail.com,search_138,1680740622,search,law schools missouri
bgarje@gmail.com,search_139,1680740622,search,law schools new york
bgarje@gmail.com,search_140,1680740622,search,law schools colorado
bgarje@gmail.com,search_141,1680740622,search,law schools Pennsylvania
bgarje@gmail.com,search_142,1680740622,search,law schools california
bgarje@gmail.com,search_143,1680740622,search,law schools us
bgarje@gmail.com,search_144,1680740622,search,law schools illinois
bgarje@gmail.com,search_145,1680740622,search,universities in illinois
bgarje@gmail.com,search_146,1680740622,search,universities in colorado
bgarje@gmail.com,search_147,1680740622,search,universities in new york
bgarje@gmail.com,search_148,1680740622,search,law in new york
bgarje@gmail.com,search_149,1680740622,search,new york university
bgarje@gmail.com,search_150,1680740622,search,harvard
bgarje@gmail.com,search_151,1680740622,search,stanford
bgarje@gmail.com,search_152,1680740622,search,uc berkely
bgarje@gmail.com,search_153,1680740622,search,columbia university
drsawant@gmail.com,search_154,1680740622,search,Medical schools in California
drsawant@gmail.com,search_155,1680740622,search,Best medical schools in New York
drsawant@gmail.com,search_156,1680740622,search,Medical schools in Texas
drsawant@gmail.com,search_157,1680740622,search,Top medical schools in Illinois
drsawant@gmail.com,search_158,1680740622,search,Best medical schools in Pennsylvania
drsawant@gmail.com,search_159,1680740622,search,Medical schools in Ohio
drsawant@gmail.com,search_160,1680740622,search,Top medical schools in Michigan
drsawant@gmail.com,search_161,1680740622,search,Best medical schools in Massachusetts
drsawant@gmail.com,search_162,1680740622,search,Medical schools in Florida
drsawant@gmail.com,search_163,1680740622,search,Top medical schools in North Carolina
drsawant@gmail.com,search_164,1680740622,search,Medical school rankings by location
drsawant@gmail.com,search_165,1680740622,search,Medical school rankings by specialty
drsawant@gmail.com,search_166,1680740622,search,Medical school rankings by research funding
drsawant@gmail.com,search_167,1680740622,search,Medical school admission requirements
drsawant@gmail.com,search_168,1680740622,search,MCAT scores for top medical schools
drsawant@gmail.com,search_169,1680740622,search,Medical school tuition and fees
drsawant@gmail.com,search_170,1680740622,search,Medical school scholarships and financial aid
drsawant@gmail.com,search_171,1680740622,search,Medical school curriculum
drsawant@gmail.com,search_172,1680740622,search,Medical school residency programs
drsawant@gmail.com,search_173,1680740622,search,Medical school match program
drsawant@gmail.com,search_174,1680740622,search,Medical school diversity and inclusion
drsawant@gmail.com,search_175,1680740622,search,Medical school student support services
drsawant@gmail.com,search_176,1680740622,search,Medical school career services
drsawant@gmail.com,search_177,1680740622,search,Medical school alumni network
drsawant@gmail.com,search_178,1680740622,search,Medical school rankings based on student satisfaction
drsawant@gmail.com,university_9,1680740622,shortlist,
drsawant@gmail.com,university_13,1680740622,shortlist,
drsawant@gmail.com,university_99,1680740622,shortlist,
drsawant@gmail.com,university_134,1680740622,shortlist,
drsawant@gmail.com,university_64,1680740622,shortlist,
drsawant@gmail.com,university_114,1680740622,shortlist,
drsawant@gmail.com,university_121,1680740622,shortlist,
drsawant@gmail.com,university_107,1680740622,shortlist,
drsawant@gmail.com,university_32,1680740622,shortlist,
drsawant@gmail.com,university_29,1680740622,shortlist,
drsawant@gmail.com,university_24,1680740622,shortlist,
drsawant@gmail.com,university_18,1680740622,shortlist,
jimmyfallon@gmail.com,search_179,1680740622,search,Best undergraduate business schools in Colorado
jimmyfallon@gmail.com,search_180,1680740622,search,Top business schools in Virginia
jimmyfallon@gmail.com,search_181,1680740622,search,Best business schools in Oregon
jimmyfallon@gmail.com,search_182,1680740622,search,Top undergraduate business programs in Minnesota
jimmyfallon@gmail.com,search_183,1680740622,search,Business school rankings by location
jimmyfallon@gmail.com,search_184,1680740622,search,Business school rankings by specialty
jimmyfallon@gmail.com,search_185,1680740622,search,Business school rankings by return on investment
jimmyfallon@gmail.com,search_186,1680740622,search,Business school admission requirements
jimmyfallon@gmail.com,search_187,1680740622,search,Business school tuition and fees
jimmyfallon@gmail.com,search_188,1680740622,search,Business school scholarships and financial aid
jimmyfallon@gmail.com,search_189,1680740622,search,Business school curriculum
jimmyfallon@gmail.com,search_190,1680740622,search,Business school internships and co-op programs
jimmyfallon@gmail.com,search_191,1680740622,search,Business school study abroad programs
jimmyfallon@gmail.com,search_192,1680740622,search,Business school career services
jimmyfallon@gmail.com,search_193,1680740622,search,Business school alumni network
jimmyfallon@gmail.com,search_194,1680740622,search,Business school rankings based on student satisfaction
jimmyfallon@gmail.com,search_195,1680740622,search,Business school rankings based on employer satisfaction
jimmyfallon@gmail.com,search_196,1680740622,search,Business school rankings based on diversity and inclusion
jimmyfallon@gmail.com,search_197,1680740622,search,Business school rankings based on entrepreneurship programs
jimmyfallon@gmail.com,search_198,1680740622,search,Business school rankings based on sustainability initiatives
jimmyfallon@gmail.com,search_199,1680740622,search,Business school rankings based on research output
jimmyfallon@gmail.com,search_200,1680740622,search,Business school rankings based on faculty quality
jimmyfallon@gmail.com,search_201,1680740622,search,Business school rankings based on student/faculty ratio
jimmyfallon@gmail.com,search_202,1680740622,search,Business school rankings based on extracurricular opportunities
jimmyfallon@gmail.com,search_203,1680740622,search,Business school rankings based on experiential learning opportunities
jimmyfallon@gmail.com,university_78,1680740622,shortlist,
jimmyfallon@gmail.com,university_141,1680740622,shortlist,
jimmyfallon@gmail.com,university_145,1680740622,shortlist,
jimmyfallon@gmail.com,university_146,1680740622,shortlist,
jimmyfallon@gmail.com,university_81,1680740622,shortlist,
jimmyfallon@gmail.com,university_84,1680740622,shortlist,
jimmyfallon@gmail.com,university_83,1680740622,shortlist,
jimmyfallon@gmail.com,university_162,1680740622,shortlist,
jimmyfallon@gmail.com,university_163,1680740622,shortlist,
jimmyfallon@gmail.com,university_164,1680740622,shortlist,
jimmyfallon@gmail.com,university_57,1680740622,shortlist,
jimmyfallon@gmail.com,university_63,1680740622,shortlist,
jimmyfallon@gmail.com,university_62,1680740622,shortlist,
annehathaway@gmail.com,university_93,1680740622,shortlist,
annehathaway@gmail.com,university_92,1680740622,shortlist,
annehathaway@gmail.com,university_37,1680740622,shortlist,
annehathaway@gmail.com,university_36,1680740622,shortlist,
annehathaway@gmail.com,university_38,1680740622,shortlist,
annehathaway@gmail.com,university_199,1680740622,shortlist,
annehathaway@gmail.com,university_198,1680740622,shortlist,
annehathaway@gmail.com,university_197,1680740622,shortlist,
annehathaway@gmail.com,university_169,1680740622,shortlist,
annehathaway@gmail.com,university_170,1680740622,shortlist,
annehathaway@gmail.com,university_107,1680740622,shortlist,
annehathaway@gmail.com,university_108,1680740622,shortlist,
annehathaway@gmail.com,university_86,1680740622,shortlist,
annehathaway@gmail.com,search_204,1680740622,search,new jersey
annehathaway@gmail.com,search_205,1680740622,search,north carolina
annehathaway@gmail.com,search_206,1680740622,search,georgia
annehathaway@gmail.com,search_207,1680740622,search,indiana
annehathaway@gmail.com,search_208,1680740622,search,maryland
annehathaway@gmail.com,search_209,1680740622,search,california
annehathaway@gmail.com,search_210,1680740622,search,new york
annehathaway@gmail.com,search_211,1680740622,search,arizona
annehathaway@gmail.com,search_212,1680740622,search,Top universities for science majors in Arizona
annehathaway@gmail.com,search_213,1680740622,search,Best universities for biology majors in Georgia
annehathaway@gmail.com,search_214,1680740622,search,Top chemistry programs in Indiana
annehathaway@gmail.com,search_215,1680740622,search,Best universities for physics majors in Maryland
annehathaway@gmail.com,search_216,1680740622,search,Science school rankings
annehathaway@gmail.com,search_217,1680740622,search,Best research universities in the US
annehathaway@gmail.com,search_218,1680740622,search,Best public universities for science majors
annehathaway@gmail.com,search_219,1680740622,search,Best private universities for science majors
annehathaway@gmail.com,search_220,1680740622,search,Best universities for pre-med majors
annehathaway@gmail.com,search_221,1680740622,search,Best universities for environmental science majors
annehathaway@gmail.com,search_222,1680740622,search,Best universities for computer science majors
annehathaway@gmail.com,search_223,1680740622,search,Best universities for engineering majors
annehathaway@gmail.com,search_224,1680740622,search,Best universities for mathematics majors
annehathaway@gmail.com,search_225,1680740622,search,Science scholarships and financial aid
annehathaway@gmail.com,search_226,1680740622,search,Science internships and co-op programs
annehathaway@gmail.com,search_227,1680740622,search,Science study abroad programs
annehathaway@gmail.com,search_228,1680740622,search,Science career services
annehathaway@gmail.com,search_229,1680740622,search,Science alumni network
annehathaway@gmail.com,search_230,1680740622,search,Science school rankings based on student satisfaction
annehathaway@gmail.com,search_231,1680740622,search,Science school rankings based on employer satisfaction
annehathaway@gmail.com,search_232,1680740622,search,Science school rankings based on diversity and inclusion
annehathaway@gmail.com,search_233,1680740622,search,Science school rankings based on research output
annehathaway@gmail.com,search_234,1680740622,search,Science school rankings based on faculty quality
annehathaway@gmail.com,search_235,1680740622,search,Science school rankings based on student/faculty ratio
annehathaway@gmail.com,search_236,1680740622,search,Science school rankings based on extracurricular opportunities
spaceykacey@gmail.com,university_17,1680740622,shortlist,
spaceykacey@gmail.com,university_16,1680740622,shortlist,
spaceykacey@gmail.com,university_15,1680740622,shortlist,
spaceykacey@gmail.com,university_21,1680740622,shortlist,
spaceykacey@gmail.com,university_20,1680740622,shortlist,
spaceykacey@gmail.com,university_254,1680740622,shortlist,
spaceykacey@gmail.com,university_253,1680740622,shortlist,
spaceykacey@gmail.com,university_176,1680740622,shortlist,
spaceykacey@gmail.com,university_179,1680740622,shortlist,
spaceykacey@gmail.com,university_180,1680740622,shortlist,
spaceykacey@gmail.com,university_18,1680740622,shortlist,
spaceykacey@gmail.com,search_237,1680740622,search,Texas universities
spaceykacey@gmail.com,search_238,1680740622,search,Texas arts colleges
spaceykacey@gmail.com,search_239,1680740622,search,Top universities in Texas
spaceykacey@gmail.com,search_240,1680740622,search,Best arts programs in Texas
spaceykacey@gmail.com,search_241,1680740622,search,Art schools in Texas
spaceykacey@gmail.com,search_242,1680740622,search,Fine arts colleges in Texas
spaceykacey@gmail.com,search_243,1680740622,search,Liberal arts colleges in Texas
spaceykacey@gmail.com,search_244,1680740622,search,Texas A&M University
spaceykacey@gmail.com,search_245,1680740622,search,University of Texas at Austin
spaceykacey@gmail.com,search_246,1680740622,search,Texas State University
spaceykacey@gmail.com,search_247,1680740622,search,Southern Methodist University
spaceykacey@gmail.com,search_248,1680740622,search,Baylor University
spaceykacey@gmail.com,search_249,1680740622,search,University of North Texas
spaceykacey@gmail.com,search_250,1680740622,search,Texas Tech University
spaceykacey@gmail.com,search_251,1680740622,search,University of Houston
spaceykacey@gmail.com,search_252,1680740622,search,Rice University
spaceykacey@gmail.com,search_253,1680740622,search,Trinity University
spaceykacey@gmail.com,search_254,1680740622,search,Southwestern University
spaceykacey@gmail.com,search_255,1680740622,search,St. Edward's University
spaceykacey@gmail.com,search_256,1680740622,search,Lamar University
spaceykacey@gmail.com,search_257,1680740622,search,Sam Houston State University
spaceykacey@gmail.com,search_258,1680740622,search,Texas Christian University
spaceykacey@gmail.com,search_259,1680740622,search,Texas Woman's University
spaceykacey@gmail.com,search_260,1680740622,search,Texas A&M University-Commerce
rajurastogi@gmail.com,search_261,1680740622,search,University of California
rajurastogi@gmail.com,search_262,1680740622,search,Stanford University
rajurastogi@gmail.com,search_263,1680740622,search,California Institute of Technology
rajurastogi@gmail.com,search_264,1680740622,search,University of Texas
rajurastogi@gmail.com,search_265,1680740622,search,Texas A&M University
rajurastogi@gmail.com,search_266,1680740622,search,Rice University
rajurastogi@gmail.com,search_267,1680740622,search,University of Illinois
rajurastogi@gmail.com,search_268,1680740622,search,Northwestern University
rajurastogi@gmail.com,search_269,1680740622,search,University of Chicago
rajurastogi@gmail.com,search_270,1680740622,search,University of Illinois Urbana Champaign
rajurastogi@gmail.com,search_271,1680740622,search,New York University
rajurastogi@gmail.com,search_272,1680740622,search,Columbia University
rajurastogi@gmail.com,search_273,1680740622,search,Cornell University
rajurastogi@gmail.com,search_274,1680740622,search,University of Rochester
rajurastogi@gmail.com,search_275,1680740622,search,University of Buffalo
rajurastogi@gmail.com,search_276,1680740622,search,Georgia Tech
rajurastogi@gmail.com,search_277,1680740622,search,Massachusetts Institute of Technology
rajurastogi@gmail.com,search_278,1680740622,search,Harvard University
rajurastogi@gmail.com,search_279,1680740622,search,Yale University
rajurastogi@gmail.com,search_280,1680740622,search,Princeton University
rajurastogi@gmail.com,search_281,1680740622,search,Duke University
rajurastogi@gmail.com,search_282,1680740622,search,University of Michigan
rajurastogi@gmail.com,search_283,1680740622,search,Purdue University
rajurastogi@gmail.com,search_284,1680740622,search,University of Pennsylvania
rajurastogi@gmail.com,search_285,1680740622,search,University of Wisconsin
rajurastogi@gmail.com,university_12,1680740622,shortlist,
rajurastogi@gmail.com,university_13,1680740622,shortlist,
rajurastogi@gmail.com,university_19,1680740622,shortlist,
rajurastogi@gmail.com,university_18,1680740622,shortlist,
rajurastogi@gmail.com,university_21,1680740622,shortlist,
rajurastogi@gmail.com,university_118,1680740622,shortlist,
rajurastogi@gmail.com,university_119,1680740622,shortlist,
rajurastogi@gmail.com,university_39,1680740622,shortlist,
rajurastogi@gmail.com,university_139,1680740622,shortlist,
rajurastogi@gmail.com,university_200,1680740622,shortlist,
bcombaba@gmail.com,university_12,1680740622,shortlist,
bcombaba@gmail.com,university_14,1680740622,shortlist,
bcombaba@gmail.com,university_15,1680740622,shortlist,
bcombaba@gmail.com,university_19,1680740622,shortlist,
bcombaba@gmail.com,university_34,1680740622,shortlist,
bcombaba@gmail.com,university_35,1680740622,shortlist,
bcombaba@gmail.com,university_118,1680740622,shortlist,
bcombaba@gmail.com,university_138,1680740622,shortlist,
bcombaba@gmail.com,search_286,1680740622,search,Undergraduate business schools
bcombaba@gmail.com,search_287,1680740622,search,Bachelor of commerce
bcombaba@gmail.com,search_288,1680740622,search,Top commerce colleges
bcombaba@gmail.com,search_289,1680740622,search,Business degree programs
bcombaba@gmail.com,search_290,1680740622,search,Best universities for commerce
bcombaba@gmail.com,search_291,1680740622,search,Business schools in California
bcombaba@gmail.com,search_292,1680740622,search,Commerce schools in Texas
bcombaba@gmail.com,search_293,1680740622,search,Illinois business colleges
bcombaba@gmail.com,search_294,1680740622,search,New York commerce universities
bcombaba@gmail.com,search_295,1680740622,search,Florida business schools
bcombaba@gmail.com,search_296,1680740622,search,Campus tours
bcombaba@gmail.com,search_297,1680740622,search,Student life
bcombaba@gmail.com,search_298,1680740622,search,Extracurricular activities
bcombaba@gmail.com,search_299,1680740622,search,Scholarships
bcombaba@gmail.com,search_300,1680740622,search,Tuition fees
bcombaba@gmail.com,search_301,1680740622,search,Financial aid
bcombaba@gmail.com,search_302,1680740622,search,Admissions process
bcombaba@gmail.com,search_303,1680740622,search,GPA requirements
bcombaba@gmail.com,search_304,1680740622,search,SAT scores
bcombaba@gmail.com,search_305,1680740622,search,ACT scores
bcombaba@gmail.com,search_306,1680740622,search,Career services
bcombaba@gmail.com,search_307,1680740622,search,Internship opportunities
bcombaba@gmail.com,search_308,1680740622,search,Alumni network
kindacountry@gmail.com,search_309,1680740622,search,College search
kindacountry@gmail.com,search_310,1680740622,search,Engineering program
kindacountry@gmail.com,search_311,1680740622,search,Undergraduate engineering schools
kindacountry@gmail.com,search_312,1680740622,search,Bachelor of engineering
kindacountry@gmail.com,search_313,1680740622,search,Top engineering colleges
kindacountry@gmail.com,search_314,1680740622,search,Best universities for engineering
kindacountry@gmail.com,search_315,1680740622,search,Engineering schools in the mid-west
kindacountry@gmail.com,search_316,1680740622,search,Midwest engineering colleges
kindacountry@gmail.com,search_317,1680740622,search,Michigan engineering schools
kindacountry@gmail.com,search_318,1680740622,search,Illinois engineering universities
kindacountry@gmail.com,search_319,1680740622,search,Indiana engineering colleges
kindacountry@gmail.com,search_320,1680740622,search,Ohio engineering schools
kindacountry@gmail.com,search_321,1680740622,search,Minnesota engineering universities
kindacountry@gmail.com,search_322,1680740622,search,Iowa engineering colleges
kindacountry@gmail.com,search_323,1680740622,search,Campus tours
kindacountry@gmail.com,search_324,1680740622,search,Student life
kindacountry@gmail.com,search_325,1680740622,search,Extracurricular activities
kindacountry@gmail.com,search_326,1680740622,search,Scholarships
kindacountry@gmail.com,search_327,1680740622,search,Tuition fees
kindacountry@gmail.com,search_328,1680740622,search,Financial aid
kindacountry@gmail.com,search_329,1680740622,search,Admissions process
kindacountry@gmail.com,search_330,1680740622,search,GPA requirements
kindacountry@gmail.com,search_331,1680740622,search,SAT scores
kindacountry@gmail.com,search_332,1680740622,search,ACT scores
kindacountry@gmail.com,search_333,1680740622,search,Career services
kindacountry@gmail.com,university_22,1680740622,shortlist,
kindacountry@gmail.com,university_24,1680740622,shortlist,
kindacountry@gmail.com,university_23,1680740622,shortlist,
kindacountry@gmail.com,university_27,1680740622,shortlist,
kindacountry@gmail.com,university_26,1680740622,shortlist,
kindacountry@gmail.com,university_198,1680740622,shortlist,
kindacountry@gmail.com,university_200,1680740622,shortlist,
kindacountry@gmail.com,university_309,1680740622,shortlist,
kindacountry@gmail.com,university_311,1680740622,shortlist,
kindacountry@gmail.com,university_338,1680740622,shortlist,
kindacountry@gmail.com,university_331,1680740622,shortlist,
kindacountry@gmail.com,university_337,1680740622,shortlist,
kendalljenner@gmail.com,university_12,1680740622,shortlist,
kendalljenner@gmail.com,university_13,1680740622,shortlist,
kendalljenner@gmail.com,university_8,1680740622,shortlist,
kendalljenner@gmail.com,university_71,1680740622,shortlist,
kendalljenner@gmail.com,university_72,1680740622,shortlist,
kendalljenner@gmail.com,university_276,1680740622,shortlist,
kendalljenner@gmail.com,university_274,1680740622,shortlist,
kendalljenner@gmail.com,university_57,1680740622,shortlist,
kendalljenner@gmail.com,university_59,1680740622,shortlist,
kendalljenner@gmail.com,university_92,1680740622,shortlist,
kendalljenner@gmail.com,university_162,1680740622,shortlist,
kendalljenner@gmail.com,university_148,1680740622,shortlist,
madison@gmail.com,university_29,1680740622,shortlist,
madison@gmail.com,university_30,1680740622,shortlist,
madison@gmail.com,university_31,1680740622,shortlist,
madison@gmail.com,university_18,1680740622,shortlist,
madison@gmail.com,university_19,1680740622,shortlist,
madison@gmail.com,university_36,1680740622,shortlist,
madison@gmail.com,university_38,1680740622,shortlist,
madison@gmail.com,university_40,1680740622,shortlist,
madison@gmail.com,university_156,1680740622,shortlist,
madison@gmail.com,university_157,1680740622,shortlist,
madison@gmail.com,university_134,1680740622,shortlist,
madison@gmail.com,university_135,1680740622,shortlist,
madison@gmail.com,university_139,1680740622,shortlist,
madison@gmail.com,university_66,1680740622,shortlist,
madison@gmail.com,university_68,1680740622,shortlist,
madison@gmail.com,university_69,1680740622,shortlist,
madison@gmail.com,university_169,1680740622,shortlist,
madison@gmail.com,university_170,1680740622,shortlist,
madison@gmail.com,university_172,1680740622,shortlist,
madison@gmail.com,university_281,1680740622,shortlist,
madison@gmail.com,search_334,1680740622,search,Medical schools in Florida
madison@gmail.com,search_335,1680740622,search,Top medical colleges in Texas
madison@gmail.com,search_336,1680740622,search,Best universities for medicine
madison@gmail.com,search_337,1680740622,search,Medical programs in Georgia
madison@gmail.com,search_338,1680740622,search,Medical colleges in Alabama
madison@gmail.com,search_339,1680740622,search,Medical school rankings
madison@gmail.com,search_340,1680740622,search,Medical degrees
madison@gmail.com,search_341,1680740622,search,Undergraduate medicine programs
madison@gmail.com,search_342,1680740622,search,Medical specialties
madison@gmail.com,search_343,1680740622,search,Healthcare degrees
madison@gmail.com,search_344,1680740622,search,Medical research opportunities
madison@gmail.com,search_345,1680740622,search,Medical internships
madison@gmail.com,search_346,1680740622,search,Medical residencies
madison@gmail.com,search_347,1680740622,search,Medical fellowships
madison@gmail.com,search_348,1680740622,search,Medical admissions process
madison@gmail.com,search_349,1680740622,search,Medical school requirements
madison@gmail.com,search_350,1680740622,search,Medical entrance exams
madison@gmail.com,search_351,1680740622,search,MCAT scores
madison@gmail.com,search_352,1680740622,search,Medical school interviews
madison@gmail.com,search_353,1680740622,search,Medical school tuition fees
madison@gmail.com,search_354,1680740622,search,Medical scholarships
madison@gmail.com,search_355,1680740622,search,Financial aid for medical students
madison@gmail.com,search_356,1680740622,search,Medical career opportunities
madison@gmail.com,search_357,1680740622,search,Medical volunteering
madison@gmail.com,search_358,1680740622,search,Medical student organizations
alexanderpayne@gmail.com,search_359,1680740622,search,Arts colleges in Nebraska
alexanderpayne@gmail.com,search_360,1680740622,search,Best art schools in South Dakota
alexanderpayne@gmail.com,search_361,1680740622,search,Top colleges for visual arts in Wyoming
alexanderpayne@gmail.com,search_362,1680740622,search,Art programs in Colorado
alexanderpayne@gmail.com,search_363,1680740622,search,Performing arts colleges in North Dakota
alexanderpayne@gmail.com,search_364,1680740622,search,Fine arts schools in Kansas
alexanderpayne@gmail.com,search_365,1680740622,search,Arts and design colleges in Iowa
alexanderpayne@gmail.com,search_366,1680740622,search,Art education programs in Minnesota
alexanderpayne@gmail.com,search_367,1680740622,search,Graphic design colleges in Missouri
alexanderpayne@gmail.com,search_368,1680740622,search,Creative writing programs
alexanderpayne@gmail.com,search_369,1680740622,search,Theater schools
alexanderpayne@gmail.com,search_370,1680740622,search,Music programs
alexanderpayne@gmail.com,search_371,1680740622,search,Dance colleges
alexanderpayne@gmail.com,search_372,1680740622,search,Digital arts schools
alexanderpayne@gmail.com,search_373,1680740622,search,Art history programs
alexanderpayne@gmail.com,search_374,1680740622,search,Studio art colleges
alexanderpayne@gmail.com,search_375,1680740622,search,Film schools
alexanderpayne@gmail.com,search_376,1680740622,search,Photography programs
alexanderpayne@gmail.com,search_377,1680740622,search,Illustration schools
alexanderpayne@gmail.com,search_378,1680740622,search,Fashion design colleges
alexanderpayne@gmail.com,search_379,1680740622,search,Advertising art programs
alexanderpayne@gmail.com,search_380,1680740622,search,Sculpture colleges
alexanderpayne@gmail.com,search_381,1680740622,search,Interior design schools
alexanderpayne@gmail.com,search_382,1680740622,search,Animation programs
alexanderpayne@gmail.com,search_383,1680740622,search,Multimedia arts colleges
alexanderpayne@gmail.com,university_57,1680740622,shortlist,
alexanderpayne@gmail.com,university_59,1680740622,shortlist,
alexanderpayne@gmail.com,university_120,1680740622,shortlist,
alexanderpayne@gmail.com,university_121,1680740622,shortlist,
alexanderpayne@gmail.com,university_141,1680740622,shortlist,
alexanderpayne@gmail.com,university_143,1680740622,shortlist,
alexanderpayne@gmail.com,university_146,1680740622,shortlist,
alexanderpayne@gmail.com,university_281,1680740622,shortlist,
alexanderpayne@gmail.com,university_283,1680740622,shortlist,
alexanderpayne@gmail.com,university_309,1680740622,shortlist,
alexanderpayne@gmail.com,university_310,1680740622,shortlist,
alexanderpayne@gmail.com,university_313,1680740622,shortlist,
alexanderpayne@gmail.com,university_344,1680740622,shortlist,
alexanderpayne@gmail.com,university_349,1680740622,shortlist,
alexanderpayne@gmail.com,university_330,1680740622,shortlist,
alexanderpayne@gmail.com,university_332,1680740622,shortlist,
alexanderpayne@gmail.com,university_218,1680740622,shortlist,
alexanderpayne@gmail.com,university_222,1680740622,shortlist,
alexanderpayne@gmail.com,university_46,1680740622,shortlist,
alexanderpayne@gmail.com,university_86,1680740622,shortlist,
siddas@gmail.com,search_384,1680740622,search,University of Toronto
siddas@gmail.com,search_385,1680740622,search,University of British Columbia
siddas@gmail.com,search_386,1680740622,search,University of Alberta
siddas@gmail.com,search_387,1680740622,search,McGill University
siddas@gmail.com,search_388,1680740622,search,Queen's University
siddas@gmail.com,search_389,1680740622,search,University of Waterloo
siddas@gmail.com,search_390,1680740622,search,Western University
siddas@gmail.com,search_391,1680740622,search,McMaster University
siddas@gmail.com,search_392,1680740622,search,University of Calgary
siddas@gmail.com,search_393,1680740622,search,University of Ottawa
siddas@gmail.com,search_394,1680740622,search,University of Western Ontario
siddas@gmail.com,search_395,1680740622,search,Ryerson University
siddas@gmail.com,search_396,1680740622,search,University of Manitoba
siddas@gmail.com,search_397,1680740622,search,University of Windsor
siddas@gmail.com,search_398,1680740622,search,University of Saskatchewan
siddas@gmail.com,search_399,1680740622,search,Dalhousie University
siddas@gmail.com,search_400,1680740622,search,Concordia University
siddas@gmail.com,search_401,1680740622,search,Carleton University
siddas@gmail.com,search_402,1680740622,search,University of Victoria
siddas@gmail.com,search_403,1680740622,search,Simon Fraser University
siddas@gmail.com,search_404,1680740622,search,University of Guelph
siddas@gmail.com,search_405,1680740622,search,University of New Brunswick
siddas@gmail.com,search_406,1680740622,search,Memorial University of Newfoundland
siddas@gmail.com,search_407,1680740622,search,University of Prince Edward Island
siddas@gmail.com,search_408,1680740622,search,University of Lethbridge
siddas@gmail.com,search_409,1680740622,search,University of Regina
siddas@gmail.com,university_351,1680740622,shortlist,
siddas@gmail.com,university_352,1680740622,shortlist,
siddas@gmail.com,university_357,1680740622,shortlist,
siddas@gmail.com,university_358,1680740622,shortlist,
siddas@gmail.com,university_359,1680740622,shortlist,
siddas@gmail.com,university_383,1680740622,shortlist,
siddas@gmail.com,university_384,1680740622,shortlist,
siddas@gmail.com,university_390,1680740622,shortlist,
siddas@gmail.com,university_391,1680740622,shortlist,
siddas@gmail.com,university_392,1680740622,shortlist,
siddas@gmail.com,university_393,1680740622,shortlist,
siddas@gmail.com,university_394,1680740622,shortlist,
siddas@gmail.com,university_396,1680740622,shortlist,
siddas@gmail.com,university_397,1680740622,shortlist,
siddas@gmail.com,university_405,1680740622,shortlist,
siddas@gmail.com,university_407,1680740622,shortlist,
siddas@gmail.com,university_409,1680740622,shortlist,
siddas@gmail.com,university_415,1680740622,shortlist,
siddas@gmail.com,university_364,1680740622,shortlist,
siddas@gmail.com,university_371,1680740622,shortlist,
siddas@gmail.com,university_378,1680740622,shortlist,
randomuser1@gmail.com,search_410,1680740622,search,Computer Science
randomuser1@gmail.com,search_411,1680740622,search,Artificial Intelligence
randomuser1@gmail.com,search_412,1680740622,search,Machine Learning
randomuser1@gmail.com,search_413,1680740622,search,Data Science
randomuser1@gmail.com,search_414,1680740622,search,Programming
randomuser1@gmail.com,search_415,1680740622,search,Software Engineering
randomuser1@gmail.com,search_416,1680740622,search,Cybersecurity
randomuser1@gmail.com,search_417,1680740622,search,Web Development
randomuser1@gmail.com,search_418,1680740622,search,Game Design
randomuser1@gmail.com,search_419,1680740622,search,Computer Graphics
randomuser1@gmail.com,search_420,1680740622,search,Information Technology
randomuser1@gmail.com,search_421,1680740622,search,Database Systems
randomuser1@gmail.com,search_422,1680740622,search,Operating Systems
randomuser1@gmail.com,search_423,1680740622,search,Computer Networks
randomuser1@gmail.com,search_424,1680740622,search,Distributed Systems
randomuser1@gmail.com,search_425,1680740622,search,Cloud Computing
randomuser1@gmail.com,search_426,1680740622,search,Mobile App Development
randomuser1@gmail.com,search_427,1680740622,search,Human-Computer Interaction
randomuser1@gmail.com,search_428,1680740622,search,Computer Vision
randomuser1@gmail.com,search_429,1680740622,search,Robotics
randomuser1@gmail.com,search_430,1680740622,search,Natural Language Processing
randomuser1@gmail.com,search_431,1680740622,search,Data Mining
randomuser1@gmail.com,search_432,1680740622,search,Big Data
randomuser1@gmail.com,search_433,1680740622,search,Computer Architecture
randomuser1@gmail.com,search_434,1680740622,search,High-Performance Computing
randomuser1@gmail.com,university_13,1680740622,shortlist,
randomuser1@gmail.com,university_100,1680740622,shortlist,
randomuser1@gmail.com,university_103,1680740622,shortlist,
randomuser1@gmail.com,university_116,1680740622,shortlist,
randomuser1@gmail.com,university_7,1680740622,shortlist,
randomuser1@gmail.com,university_140,1680740622,shortlist,
randomuser1@gmail.com,university_198,1680740622,shortlist,
randomuser1@gmail.com,university_92,1680740622,shortlist,
randomuser1@gmail.com,university_112,1680740622,shortlist,
randomuser1@gmail.com,university_157,1680740622,shortlist,
randomuser1@gmail.com,university_19,1680740622,shortlist,
randomuser1@gmail.com,university_227,1680740622,shortlist,
randomuser1@gmail.com,university_330,1680740622,shortlist,
randomuser1@gmail.com,university_296,1680740622,shortlist,
randomuser1@gmail.com,university_90,1680740622,shortlist,
randomuser2@gmail.com,search_435,1680740622,search,University of Florida
randomuser2@gmail.com,search_436,1680740622,search,Ohio State University
randomuser2@gmail.com,search_437,1680740622,search,University of Oregon
randomuser2@gmail.com,search_438,1680740622,search,North Carolina State University
randomuser2@gmail.com,search_439,1680740622,search,New York University
randomuser2@gmail.com,search_440,1680740622,search,University of Pennsylvania
randomuser2@gmail.com,search_441,1680740622,search,University of Minnesota
randomuser2@gmail.com,search_442,1680740622,search,Georgia State University
randomuser2@gmail.com,search_443,1680740622,search,Florida State University
randomuser2@gmail.com,search_444,1680740622,search,Miami University
randomuser2@gmail.com,search_445,1680740622,search,University of Miami
randomuser2@gmail.com,search_446,1680740622,search,University of Central Florida
randomuser2@gmail.com,search_447,1680740622,search,University of South Florida
randomuser2@gmail.com,search_448,1680740622,search,Ohio University
randomuser2@gmail.com,search_449,1680740622,search,Oregon State University
randomuser2@gmail.com,search_450,1680740622,search,University of North Carolina
randomuser2@gmail.com,search_451,1680740622,search,Pennsylvania State University
randomuser2@gmail.com,search_452,1680740622,search,Temple University
randomuser2@gmail.com,search_453,1680740622,search,University of Minnesota Duluth
randomuser2@gmail.com,search_454,1680740622,search,Georgia Institute of Technology
randomuser2@gmail.com,search_455,1680740622,search,University of Georgia
randomuser2@gmail.com,search_456,1680740622,search,University of North Florida
randomuser2@gmail.com,search_457,1680740622,search,State University of New York
randomuser2@gmail.com,search_458,1680740622,search,University of Rochester
randomuser2@gmail.com,search_459,1680740622,search,Cornell University
randomuser2@gmail.com,university_29,1680740622,shortlist,
randomuser2@gmail.com,university_30,1680740622,shortlist,
randomuser2@gmail.com,university_31,1680740622,shortlist,
randomuser2@gmail.com,university_32,1680740622,shortlist,
randomuser2@gmail.com,university_22,1680740622,shortlist,
randomuser2@gmail.com,university_25,1680740622,shortlist,
randomuser2@gmail.com,university_28,1680740622,shortlist,
randomuser2@gmail.com,university_162,1680740622,shortlist,
randomuser2@gmail.com,university_163,1680740622,shortlist,
randomuser2@gmail.com,university_107,1680740622,shortlist,
randomuser2@gmail.com,university_108,1680740622,shortlist,
randomuser2@gmail.com,university_135,1680740622,shortlist,
randomuser2@gmail.com,university_138,1680740622,shortlist,
randomuser2@gmail.com,university_64,1680740622,shortlist,
randomuser2@gmail.com,university_66,1680740622,shortlist,
randomuser2@gmail.com,university_69,1680740622,shortlist,
randomuser2@gmail.com,university_141,1680740622,shortlist,
randomuser2@gmail.com,university_146,1680740622,shortlist,
randomuser2@gmail.com,university_37,1680740622,shortlist,
randomuser2@gmail.com,university_38,1680740622,shortlist,
jollyllb@gmail.com,search_460,1680740622,search,Law schools in New York
jollyllb@gmail.com,search_461,1680740622,search,Law schools in California
jollyllb@gmail.com,search_462,1680740622,search,Law schools in Massachusetts
jollyllb@gmail.com,search_463,1680740622,search,Law schools in Illinois
jollyllb@gmail.com,search_464,1680740622,search,Law schools in Pennsylvania
jollyllb@gmail.com,search_465,1680740622,search,Law schools in Virginia
jollyllb@gmail.com,search_466,1680740622,search,Law schools in Washington DC
jollyllb@gmail.com,search_467,1680740622,search,Best law schools in New York
jollyllb@gmail.com,search_468,1680740622,search,Best law schools in California
jollyllb@gmail.com,search_469,1680740622,search,Best law schools in Massachusetts
jollyllb@gmail.com,search_470,1680740622,search,Best law schools in Illinois
jollyllb@gmail.com,search_471,1680740622,search,Best law schools in Pennsylvania
jollyllb@gmail.com,search_472,1680740622,search,Best law schools in Virginia
jollyllb@gmail.com,search_473,1680740622,search,Best law schools in Washington DC
jollyllb@gmail.com,search_474,1680740622,search,Law school admission requirements
jollyllb@gmail.com,search_475,1680740622,search,Law school rankings
jollyllb@gmail.com,search_476,1680740622,search,Law school tuition
jollyllb@gmail.com,search_477,1680740622,search,Law school scholarships
jollyllb@gmail.com,search_478,1680740622,search,Law programs in New York
jollyllb@gmail.com,search_479,1680740622,search,Law programs in California
jollyllb@gmail.com,search_480,1680740622,search,Law programs in Massachusetts
jollyllb@gmail.com,search_481,1680740622,search,Law programs in Illinois
jollyllb@gmail.com,search_482,1680740622,search,Law programs in Pennsylvania
jollyllb@gmail.com,search_483,1680740622,search,Law programs in Virginia
jollyllb@gmail.com,search_484,1680740622,search,Law programs in Washington DC
jollyllb@gmail.com,search_485,1680740622,search,Law degree programs
jollyllb@gmail.com,university_134,1680740622,shortlist,
jollyllb@gmail.com,university_137,1680740622,shortlist,
jollyllb@gmail.com,university_138,1680740622,shortlist,
jollyllb@gmail.com,university_8,1680740622,shortlist,
jollyllb@gmail.com,university_10,1680740622,shortlist,
jollyllb@gmail.com,university_14,1680740622,shortlist,
jollyllb@gmail.com,university_1,1680740622,shortlist,
jollyllb@gmail.com,university_3,1680740622,shortlist,
jollyllb@gmail.com,university_6,1680740622,shortlist,
jollyllb@gmail.com,university_135,1680740622,shortlist,
jollyllb@gmail.com,university_139,1680740622,shortlist,
jollyllb@gmail.com,university_115,1680740622,shortlist,
jollyllb@gmail.com,university_117,1680740622,shortlist,
jollyllb@gmail.com,university_118,1680740622,shortlist,
jollyllb@gmail.com,university_121,1680740622,shortlist,
jollyllb@gmail.com,university_64,1680740622,shortlist,
jollyllb@gmail.com,university_66,1680740622,shortlist,
jollyllb@gmail.com,university_68,1680740622,shortlist,
jollyllb@gmail.com,university_69,1680740622,shortlist,
jollyllb@gmail.com,university_78,1680740622,shortlist,
jollyllb@gmail.com,university_80,1680740622,shortlist,
michaelbuble@gmail.com,search_486,1680740622,search,University of British Columbia
michaelbuble@gmail.com,search_487,1680740622,search,Simon Fraser University
michaelbuble@gmail.com,search_488,1680740622,search,University of Victoria
michaelbuble@gmail.com,search_489,1680740622,search,University of Manitoba
michaelbuble@gmail.com,search_490,1680740622,search,University of Saskatchewan
michaelbuble@gmail.com,search_491,1680740622,search,University of Alberta
michaelbuble@gmail.com,search_492,1680740622,search,Mount Royal University
michaelbuble@gmail.com,search_493,1680740622,search,MacEwan University
michaelbuble@gmail.com,search_494,1680740622,search,Ambrose University
michaelbuble@gmail.com,search_495,1680740622,search,Briercrest College and Seminary
michaelbuble@gmail.com,search_496,1680740622,search,McGill University
michaelbuble@gmail.com,search_497,1680740622,search,University of Toronto
michaelbuble@gmail.com,search_498,1680740622,search,York University
michaelbuble@gmail.com,search_499,1680740622,search,Ryerson University
michaelbuble@gmail.com,search_500,1680740622,search,University of Windsor
michaelbuble@gmail.com,search_501,1680740622,search,University of Guelph
michaelbuble@gmail.com,search_502,1680740622,search,University of Ottawa
michaelbuble@gmail.com,search_503,1680740622,search,University of Waterloo
michaelbuble@gmail.com,search_504,1680740622,search,University of Western Ontario
michaelbuble@gmail.com,search_505,1680740622,search,University of Calgary
michaelbuble@gmail.com,search_506,1680740622,search,University of Lethbridge
michaelbuble@gmail.com,search_507,1680740622,search,Thompson Rivers University
michaelbuble@gmail.com,search_508,1680740622,search,Capilano University
michaelbuble@gmail.com,search_509,1680740622,search,Arts programs in British Columbia
michaelbuble@gmail.com,search_510,1680740622,search,Arts programs in Alberta
michaelbuble@gmail.com,university_357,1680740622,shortlist,
michaelbuble@gmail.com,university_358,1680740622,shortlist,
michaelbuble@gmail.com,university_359,1680740622,shortlist,
michaelbuble@gmail.com,university_360,1680740622,shortlist,
michaelbuble@gmail.com,university_361,1680740622,shortlist,
michaelbuble@gmail.com,university_364,1680740622,shortlist,
michaelbuble@gmail.com,university_365,1680740622,shortlist,
michaelbuble@gmail.com,university_366,1680740622,shortlist,
michaelbuble@gmail.com,university_368,1680740622,shortlist,
michaelbuble@gmail.com,university_351,1680740622,shortlist,
michaelbuble@gmail.com,university_352,1680740622,shortlist,
michaelbuble@gmail.com,university_354,1680740622,shortlist,
michaelbuble@gmail.com,university_355,1680740622,shortlist,
michaelbuble@gmail.com,university_356,1680740622,shortlist,
michaelbuble@gmail.com,university_415,1680740622,shortlist,
michaelbuble@gmail.com,university_416,1680740622,shortlist,
michaelbuble@gmail.com,university_385,1680740622,shortlist,
michaelbuble@gmail.com,university_396,1680740622,shortlist,
michaelbuble@gmail.com,university_407,1680740622,shortlist,
michaelbuble@gmail.com,university_399,1680740622,shortlist,
elonma@gmail.com,search_511,1680740622,search,Engineering schools in Canada
elonma@gmail.com,search_512,1680740622,search,Engineering schools in US
elonma@gmail.com,search_513,1680740622,search,Top engineering schools in Canada
elonma@gmail.com,search_514,1680740622,search,Top engineering schools in US
elonma@gmail.com,search_515,1680740622,search,Engineering programs in Ontario
elonma@gmail.com,search_516,1680740622,search,Engineering programs in New York
elonma@gmail.com,search_517,1680740622,search,Engineering programs in Massachusetts
elonma@gmail.com,search_518,1680740622,search,Engineering programs in British Columbia
elonma@gmail.com,search_519,1680740622,search,Engineering programs in California
elonma@gmail.com,search_520,1680740622,search,Best engineering schools in Ontario
elonma@gmail.com,search_521,1680740622,search,Best engineering schools in New York
elonma@gmail.com,search_522,1680740622,search,Best engineering schools in Massachusetts
elonma@gmail.com,search_523,1680740622,search,Best engineering schools in British Columbia
elonma@gmail.com,search_524,1680740622,search,Best engineering schools in California
elonma@gmail.com,search_525,1680740622,search,Engineering admission requirements
elonma@gmail.com,search_526,1680740622,search,Engineering school rankings
elonma@gmail.com,search_527,1680740622,search,Engineering school tuition
elonma@gmail.com,search_528,1680740622,search,Engineering scholarships
elonma@gmail.com,search_529,1680740622,search,Ontario engineering schools
elonma@gmail.com,search_530,1680740622,search,New York engineering schools
elonma@gmail.com,search_531,1680740622,search,Massachusetts engineering schools
elonma@gmail.com,search_532,1680740622,search,British Columbia engineering schools
elonma@gmail.com,search_533,1680740622,search,California engineering schools
elonma@gmail.com,search_534,1680740622,search,Engineering degree programs
elonma@gmail.com,search_535,1680740622,search,Engineering jobs in Canada
elonma@gmail.com,university_390,1680740622,shortlist,
elonma@gmail.com,university_391,1680740622,shortlist,
elonma@gmail.com,university_394,1680740622,shortlist,
elonma@gmail.com,university_396,1680740622,shortlist,
elonma@gmail.com,university_398,1680740622,shortlist,
elonma@gmail.com,university_134,1680740622,shortlist,
elonma@gmail.com,university_136,1680740622,shortlist,
elonma@gmail.com,university_138,1680740622,shortlist,
elonma@gmail.com,university_140,1680740622,shortlist,
elonma@gmail.com,university_2,1680740622,shortlist,
elonma@gmail.com,university_4,1680740622,shortlist,
elonma@gmail.com,university_5,1680740622,shortlist,
elonma@gmail.com,university_7,1680740622,shortlist,
elonma@gmail.com,university_357,1680740622,shortlist,
elonma@gmail.com,university_358,1680740622,shortlist,
elonma@gmail.com,university_359,1680740622,shortlist,
elonma@gmail.com,university_361,1680740622,shortlist,
elonma@gmail.com,university_8,1680740622,shortlist,
elonma@gmail.com,university_11,1680740622,shortlist,
elonma@gmail.com,university_12,1680740622,shortlist,
elonma@gmail.com,university_13,1680740622,shortlist,
donaldtrump@gmail.com,university_106,1680740622,shortlist,
donaldtrump@gmail.com,university_107,1680740622,shortlist,
donaldtrump@gmail.com,university_113,1680740622,shortlist,
donaldtrump@gmail.com,university_114,1680740622,shortlist,
donaldtrump@gmail.com,university_121,1680740622,shortlist,
donaldtrump@gmail.com,university_64,1680740622,shortlist,
donaldtrump@gmail.com,university_65,1680740622,shortlist,
donaldtrump@gmail.com,university_211,1680740622,shortlist,
donaldtrump@gmail.com,university_197,1680740622,shortlist,
donaldtrump@gmail.com,university_241,1680740622,shortlist,
donaldtrump@gmail.com,university_246,1680740622,shortlist,
donaldtrump@gmail.com,university_135,1680740622,shortlist,
donaldtrump@gmail.com,university_136,1680740622,shortlist,
donaldtrump@gmail.com,university_137,1680740622,shortlist,
donaldtrump@gmail.com,university_1,1680740622,shortlist,
donaldtrump@gmail.com,university_2,1680740622,shortlist,
donaldtrump@gmail.com,university_3,1680740622,shortlist,
donaldtrump@gmail.com,university_6,1680740622,shortlist,
donaldtrump@gmail.com,university_78,1680740622,shortlist,
donaldtrump@gmail.com,university_80,1680740622,shortlist,
donaldtrump@gmail.com,university_82,1680740622,shortlist,
donaldtrump@gmail.com,university_90,1680740622,shortlist,
donaldtrump@gmail.com,search_536,1680740622,search,Commerce programs in Pennsylvania
donaldtrump@gmail.com,search_537,1680740622,search,Commerce programs in New York
donaldtrump@gmail.com,search_538,1680740622,search,Commerce programs in Missouri
donaldtrump@gmail.com,search_539,1680740622,search,Commerce programs in North Carolina
donaldtrump@gmail.com,search_540,1680740622,search,Commerce programs in South Carolina
donaldtrump@gmail.com,search_541,1680740622,search,Commerce programs in Vermont
donaldtrump@gmail.com,search_542,1680740622,search,Commerce programs in Maine
donaldtrump@gmail.com,search_543,1680740622,search,Commerce programs in Massachusetts
donaldtrump@gmail.com,search_544,1680740622,search,Commerce programs in Illinois
donaldtrump@gmail.com,search_545,1680740622,search,Business schools in Pennsylvania
donaldtrump@gmail.com,search_546,1680740622,search,Business schools in New York
donaldtrump@gmail.com,search_547,1680740622,search,Business schools in Missouri
donaldtrump@gmail.com,search_548,1680740622,search,Business schools in North Carolina
donaldtrump@gmail.com,search_549,1680740622,search,Business schools in South Carolina
donaldtrump@gmail.com,search_550,1680740622,search,Business schools in Vermont
donaldtrump@gmail.com,search_551,1680740622,search,Business schools in Maine
donaldtrump@gmail.com,search_552,1680740622,search,Business schools in Massachusetts
donaldtrump@gmail.com,search_553,1680740622,search,Business schools in Illinois
donaldtrump@gmail.com,search_554,1680740622,search,Top commerce schools in Pennsylvania
donaldtrump@gmail.com,search_555,1680740622,search,Top commerce schools in New York
donaldtrump@gmail.com,search_556,1680740622,search,Top commerce schools in Missouri
donaldtrump@gmail.com,search_557,1680740622,search,Top commerce schools in North Carolina
donaldtrump@gmail.com,search_558,1680740622,search,Top commerce schools in South Carolina
donaldtrump@gmail.com,search_559,1680740622,search,Top commerce schools in Vermont
donaldtrump@gmail.com,search_560,1680740622,search,Top commerce schools in Maine
donaldtrump@gmail.com,search_561,1680740622,search,Top commerce schools in Massachusetts
donaldtrump@gmail.com,search_562,1680740622,search,Top commerce schools in Illinois
scienceboy@gmail.com,university_15,1680740622,shortlist,
scienceboy@gmail.com,university_16,1680740622,shortlist,
scienceboy@gmail.com,university_18,1680740622,shortlist,
scienceboy@gmail.com,university_19,1680740622,shortlist,
scienceboy@gmail.com,university_13,1680740622,shortlist,
scienceboy@gmail.com,university_30,1680740622,shortlist,
scienceboy@gmail.com,university_32,1680740622,shortlist,
scienceboy@gmail.com,university_33,1680740622,shortlist,
scienceboy@gmail.com,university_34,1680740622,shortlist,
scienceboy@gmail.com,university_35,1680740622,shortlist,
scienceboy@gmail.com,university_136,1680740622,shortlist,
scienceboy@gmail.com,university_138,1680740622,shortlist,
scienceboy@gmail.com,university_139,1680740622,shortlist,
scienceboy@gmail.com,university_140,1680740622,shortlist,
scienceboy@gmail.com,university_114,1680740622,shortlist,
scienceboy@gmail.com,university_117,1680740622,shortlist,
scienceboy@gmail.com,university_118,1680740622,shortlist,
scienceboy@gmail.com,university_119,1680740622,shortlist,
scienceboy@gmail.com,university_3,1680740622,shortlist,
scienceboy@gmail.com,university_5,1680740622,shortlist,
scienceboy@gmail.com,university_6,1680740622,shortlist,
scienceboy@gmail.com,university_7,1680740622,shortlist,
scienceboy@gmail.com,university_129,1680740622,shortlist,
scienceboy@gmail.com,university_130,1680740622,shortlist,
scienceboy@gmail.com,university_192,1680740622,shortlist,
scienceboy@gmail.com,university_193,1680740622,shortlist,
scienceboy@gmail.com,search_563,1680740622,search,Harvard University
scienceboy@gmail.com,search_564,1680740622,search,Stanford University
scienceboy@gmail.com,search_565,1680740622,search,Yale University
scienceboy@gmail.com,search_566,1680740622,search,Massachusetts Institute of Technology
scienceboy@gmail.com,search_567,1680740622,search,"University of California, Los Angeles"
scienceboy@gmail.com,search_568,1680740622,search,"University of California, Berkeley"
scienceboy@gmail.com,search_569,1680740622,search,"University of California, San Diego"
scienceboy@gmail.com,search_570,1680740622,search,University of Pennsylvania
scienceboy@gmail.com,search_571,1680740622,search,University of Chicago
scienceboy@gmail.com,search_572,1680740622,search,Northwestern University
scienceboy@gmail.com,search_573,1680740622,search,University of Illinois at Urbana-Champaign
scienceboy@gmail.com,search_574,1680740622,search,Ohio State University
scienceboy@gmail.com,search_575,1680740622,search,University of Minnesota
scienceboy@gmail.com,search_576,1680740622,search,University of North Carolina at Chapel Hill
scienceboy@gmail.com,search_577,1680740622,search,University of Virginia
scienceboy@gmail.com,search_578,1680740622,search,George Washington University
scienceboy@gmail.com,search_579,1680740622,search,"University of Maryland, College Park"
scienceboy@gmail.com,search_580,1680740622,search,"Boston, Massachusetts"
scienceboy@gmail.com,search_581,1680740622,search,"San Francisco, California"
scienceboy@gmail.com,search_582,1680740622,search,"Philadelphia, Pennsylvania"
scienceboy@gmail.com,search_583,1680740622,search,"Chicago, Illinois"
scienceboy@gmail.com,search_584,1680740622,search,"Columbus, Ohio"
scienceboy@gmail.com,search_585,1680740622,search,"Minneapolis, Minnesota"
scienceboy@gmail.com,search_586,1680740622,search,"Chapel Hill, North Carolina"
scienceboy@gmail.com,search_587,1680740622,search,"Charlottesville, Virginia"
compounder@gmail.com,search_588,1680740622,search,University of Missouri
compounder@gmail.com,search_589,1680740622,search,University of Iowa
compounder@gmail.com,search_590,1680740622,search,Iowa State University
compounder@gmail.com,search_591,1680740622,search,University of Idaho
compounder@gmail.com,search_592,1680740622,search,Brigham Young University
compounder@gmail.com,search_593,1680740622,search,University of Utah
compounder@gmail.com,search_594,1680740622,search,University of Arkansas
compounder@gmail.com,search_595,1680740622,search,University of New Mexico
compounder@gmail.com,search_596,1680740622,search,Louisiana State University
compounder@gmail.com,search_597,1680740622,search,Colorado State University
compounder@gmail.com,search_598,1680740622,search,Oklahoma State University
compounder@gmail.com,search_599,1680740622,search,University of Tulsa
compounder@gmail.com,search_600,1680740622,search,University of Colorado Boulder
compounder@gmail.com,search_601,1680740622,search,Colorado School of Mines
compounder@gmail.com,search_602,1680740622,search,University of Oklahoma
compounder@gmail.com,search_603,1680740622,search,University of Louisiana at Lafayette
compounder@gmail.com,search_604,1680740622,search,University of Northern Iowa
compounder@gmail.com,search_605,1680740622,search,New Mexico State University
compounder@gmail.com,search_606,1680740622,search,Louisiana Tech University
compounder@gmail.com,search_607,1680740622,search,University of Central Oklahoma
compounder@gmail.com,search_608,1680740622,search,University of Arkansas at Little Rock
compounder@gmail.com,search_609,1680740622,search,University of Arkansas at Pine Bluff
compounder@gmail.com,search_610,1680740622,search,University of Louisiana at Monroe
compounder@gmail.com,search_611,1680740622,search,University of Arkansas for Medical Sciences
compounder@gmail.com,search_612,1680740622,search,University of Arkansas at Monticello
compounder@gmail.com,university_295,1680740622,shortlist,
compounder@gmail.com,university_296,1680740622,shortlist,
compounder@gmail.com,university_302,1680740622,shortlist,
compounder@gmail.com,university_303,1680740622,shortlist,
compounder@gmail.com,university_304,1680740622,shortlist,
compounder@gmail.com,university_57,1680740622,shortlist,
compounder@gmail.com,university_58,1680740622,shortlist,
compounder@gmail.com,university_59,1680740622,shortlist,
compounder@gmail.com,university_62,1680740622,shortlist,
compounder@gmail.com,university_337,1680740622,shortlist,
compounder@gmail.com,university_338,1680740622,shortlist,
compounder@gmail.com,university_339,1680740622,shortlist,
compounder@gmail.com,university_253,1680740622,shortlist,
compounder@gmail.com,university_254,1680740622,shortlist,
compounder@gmail.com,university_255,1680740622,shortlist,
compounder@gmail.com,university_257,1680740622,shortlist,
compounder@gmail.com,university_176,1680740622,shortlist,
compounder@gmail.com,university_177,1680740622,shortlist,
compounder@gmail.com,university_178,1680740622,shortlist,
compounder@gmail.com,university_120,1680740622,shortlist,
compounder@gmail.com,university_124,1680740622,shortlist,
compounder@gmail.com,university_126,1680740622,shortlist,
compounder@gmail.com,university_232,1680740622,shortlist,
compounder@gmail.com,university_233,1680740622,shortlist,
compounder@gmail.com,university_148,1680740622,shortlist,
compounder@gmail.com,university_149,1680740622,shortlist,
compounder@gmail.com,university_150,1680740622,shortlist,